MeetDate,G ID,Grp,State,Club,Venue,Current Race Name,Dist,Prize$$,Age,Sex,Unnamed: 11,Registered Race Name
04-Aug-18,362,2,NSW,ATC,RAND,MISSILE STAKES,1200,175000,3YO&Up,O,WFA,MISSILE STAKES
11-Aug-18,726,4,NSW,ATC,RHIL,THE ROSEBUD,1200,150000,3-Y-O,O,Qlty,THE ROSEBUD
11-Aug-18,693,3,VIC,VRC,FLEM,AURIE'S STAR HANDICAP,1200,150000,O,O,Hcp,AURIE'S STAR HANDICAP
18-Aug-18,534,1,NSW,ATC,RAND,WINX STAKES,1400,500000,3YO&Up,O,WFA,WARWICK STAKES
18-Aug-18,460,2,NSW,ATC,RAND,SILVER SHADOW STAKES,1200,175000,3-Y-O,F,SWP,SILVER SHADOW STAKES
18-Aug-18,523,3,NSW,ATC,RAND,UP AND COMING STAKES,1300,160000,3-Y-O,O,Qlty,UP AND COMING STAKES
18-Aug-18,611,3,NSW,ATC,RAND,SHOW COUNTY QUALITY HCP,1200,160000,3YO&Up,O,Qlty,SHOW COUNTY QUALITY
18-Aug-18,626,3,NSW,ATC,RAND,TOY SHOW F-&-M QLTY HCP,1300,160000,3YO&Up,F&M,Qlty,TOY SHOW QUALITY
18-Aug-18,472,3,SA,SAJC,MORP,DAVID COLES AM SPRING STAKES,1200,120000,O,O,WFA,SPRING STAKES
18-Aug-18,335,2,VIC,MRC,CAUL,P.B.LAWRENCE STAKES,1400,200000,3YO&Up,O,WFA,J J LISTON STAKES
18-Aug-18,604,3,VIC,MRC,CAUL,VAIN STAKES,1100,150000,3-Y-O,C&G,SWP,VAIN STAKES
18-Aug-18,613,3,VIC,MRC,CAUL,QUEZETTE STAKES,1100,150000,3-Y-O,F,SWP,QUEZETTE STAKES
18-Aug-18,727,4,VIC,MRC,CAUL,REGAL ROLLER STAKES,1200,120000,3YO&Up,O,Hcp,REGAL ROLLER STAKES
18-Aug-18,137,4,WA,WATC,BLMT,BELMONT NEWMARKET,1200,100000,3YO&Up,O,Qlty,BELMONT NEWMARKET
23-Aug-18,716,4,NSW,HAWKESBURY RC,HAWK,ROWLEY MILE,1600,140000,O,O,Hcp,ROWLEY MILE
25-Aug-18,446,3,NSW,ATC,RHIL,SAN DOMENICO STAKES,1100,160000,3-Y-O,O,SWP,SAN DOMENICO STAKES
25-Aug-18,166,3,NSW,ATC,RHIL,MING DYNASTY QUALITY HCP,1400,160000,3-Y-O,O,Qlty,MING DYNASTY QUALITY HCP
25-Aug-18,434,3,NSW,ATC,RHIL,PREMIER'S CUP,1900,150000,3YO&Up,O,Qlty,PREMIER'S CUP
25-Aug-18,612,4,VIC,MVRC,M V,MITCHELL MCKENZIE STAKES,1200,120000,3-Y-O,C&G,SWP,MITCHELL McKENZIE STAKES
25-Aug-18,741,4,VIC,MVRC,M V,CARLYON STAKES,1000,120000,4YO&Up,O,SWP,SPRING PREVIEW
31-Aug-18,595,4,NSW,WYONG RC,WYNG,WYONG GOLD CUP,2100,150000,O,O,Qlty,WYONG GOLD CUP
31-Aug-18,671,4,NSW,WYONG RC,WYNG,MONA LISA STAKES,1350,140000,O,F&M,SWP,MONA LISA STAKES
01-Sep-18,192,2,NSW,TATTERSALLS (NSW),RAND,CHELMSFORD STAKES,1600,250000,3YO&Up,O,WFA,CHELMSFORD STAKES
01-Sep-18,270,2,NSW,TATTERSALLS (NSW),RAND,FURIOUS STAKES,1200,175000,3-Y-O,F,SW,FURIOUS STAKES
01-Sep-18,517,2,NSW,TATTERSALLS (NSW),RAND,TRAMWAYÂ HCP,1400,175000,3YO&Up,O,SWP,TRAMWAY HANDICAP
01-Sep-18,588,3,NSW,TATTERSALLS (NSW),RAND,CONCORDE STAKES,1000,160000,3YO&Up,O,SWP,CONCORDE STAKES
01-Sep-18,249,4,SA,SAJC,MORPP,PENNY EDITION STAKES,1400,100000,O,O,WFA,PENNY EDITION STAKES
01-Sep-18,353,1,VIC,MRC,CAUL,MEMSIE STAKES,1400,1000000,3YO&Up,O,WFA,MEMSIE STAKES
01-Sep-18,597,3,VIC,MRC,CAUL,HDF MCNEIL STAKES,1200,150000,3-Y-O,O,SWP,H.D.F. McNEIL STAKES
01-Sep-18,605,3,VIC,MRC,CAUL,W W COCKRAM STAKES,1200,150000,4YO&Up,M,SWP,W W COCKRAM STAKES
01-Sep-18,694,3,VIC,MRC,CAUL,THE HEATH 1100,1100,150000,O,O,SWP,THE HEATH 1100
01-Sep-18,301,4,VIC,MRC,CAUL,HEATHERLIE HANDICAP,1700,120000,O,O,Hcp,HEATHERLIE HANDICAP
01-Sep-18,591,4,WA,WATC,BLMT,IDYLLIC PRINCE STAKES,1300,100000,3YO&Up,O,WFA,WATC GOODWOOD SPRINT
08-Sep-18,479,2,NSW,ATC,RHIL,STAN FOX STAKES,1500,200000,3-Y-O,O,SW,STAN FOX STAKES
08-Sep-18,507,2,NSW,ATC,RHIL,THEO MARKS STAKES,1300,200000,3YO&Up,O,Qlty,THEO MARKS STAKES
08-Sep-18,704,2,NSW,ATC,RHIL,THE RUN TO THE ROSE,1200,175000,3-Y-O,O,SWP,THE RUN TO THE ROSE
08-Sep-18,663,2,NSW,ATC,RHIL,SHERACO STAKES,1200,200000,3YO&Up,F&M,SWP,SHERACO STAKES
08-Sep-18,373,4,SA,SAJC,MORP,MORPHETTVILLE GUINEAS,1600,100000,3-Y-O,F,SW,MORPHETTVILLE GUINEAS
08-Sep-18,258,2,VIC,MVRC,M V,DATO' TAN CHIN NAM STAKES,1600,250000,O,O,WFA,JOHN F FEEHAN STAKES
08-Sep-18,651,2,VIC,MVRC,M V,MCEWEN STAKES,1000,200000,O,O,WFA,IAN McEWEN TROPHY
08-Sep-18,934,4,VIC,MVRC,M V,CHANDLER MACLEOD STAKES,1200,120000,O,O,HCP,CHANDLER MACLEOD STAKES
08-Sep-18,980,4,VIC,MVRC,MV,ATLANTIC JEWEL STAKES,1200,120000,3-Y-O,F,SWP,ATLANTIC JEWEL STAKES
12-Sep-18,568,4,SA,BALAKLAVA RC,BKVA,BALAKLAVA CUP,1600,100000,O,O,Qlty,BALAKLAVA CUP
14-Sep-18,381,3,NSW,NEWCASTLE JC,NCLE,NEWCASTLE CUP,2300,175000,O,O,Hcp,NEWCASTLE GOLD CUP
14-Sep-18,160,3,NSW,NEWCASTLE JC,NCLE,CAMERON HCP,1500,160000,O,O,Hcp,CAMERON HANDICAP
14-Sep-18,473,3,NSW,NEWCASTLE JC,NCLE,SPRING STAKES,1600,160000,3-Y-O,O,SW,NJC 3YO SPRING STAKES
14-Sep-18,672,3,NSW,NEWCASTLE JC,NCLE,TIBBIE STAKES,1400,160000,O,F&M,SWP,TIBBIE PLATE
15-Sep-18,276,1,NSW,ATC,RAND,GEORGE MAIN STAKES,1600,500000,3YO&Up,O,WFA,GEORGE MAIN STAKES
15-Sep-18,457,2,NSW,ATC,RAND,THE SHORTS,1100,200000,3YO&Up,O,SWP,THE SHORTS
15-Sep-18,506,2,NSW,ATC,RAND,TEA ROSE STAKES,1400,175000,3-Y-O,F,SW,TEA ROSE STAKES
15-Sep-18,324,3,NSW,ATC,RAND,KINGSTON TOWN STAKES,2000,160000,3YO&Up,O,SWP,KINGSTON TOWN STAKES
15-Sep-18,582,3,NSW,ATC,RAND,BILL RITCHIE HANDICAP,1400,160000,3YO&Up,O,Qlty,BILL RITCHIE HANDICAP
15-Sep-18,464,4,NSW,ATC,RAND,HERITAGE STAKES,1100,150000,3-Y-O,O,SWP,HERITAGE STAKES
15-Sep-18,214,1,VIC,VRC,FLEM,MAKYBE DIVA STAKES,1600,750000,O,O,WFA,MAKYBE DIVA STAKES
15-Sep-18,145,2,VIC,VRC,FLEM,DANEHILL STAKES,1200,200000,3-Y-O,O,SWP,DANEHILL STAKES
15-Sep-18,150,2,VIC,VRC,FLEM,BOBBIE LEWIS QUALITY,1200,200000,4YO&Up,O,Qlty,BOBBIE LEWIS QUALITY
15-Sep-18,360,2,VIC,VRC,FLEM,LET'S ELOPE STAKES,1400,200000,4YO&Up,M,SWP,MILADY STAKES
15-Sep-18,720,4,VIC,VRC,FLEM,EXFORD PLATE,1400,120000,3-Y-O,O,SWP,EXFORD PLATE
15-Sep-18,739,4,VIC,VRC,FLEM,CAP D'ANTIBES STAKES,1100,120000,3-Y-O,F,SWP,CAP D'ANTIBES STAKES
15-Sep-18,933,4,VIC,VRC,FLEM,TONTONAN STAKES,1400,120000,4YO&Up,O,HCP,TONTONAN STAKES
15-Sep-18,257,4,WA,WATC,BLMT,FARNLEY STAKES,1400,100000,3YO&Up,O,Qlty,FARNLEY STKS
22-Sep-18,670,1,NSW,ATC,RHIL,GOLDEN ROSE STAKES,1400,1000000,3-Y-O,O,SW,GOLDEN ROSE STAKES
22-Sep-18,653,2,NSW,ATC,RHIL,GOLDEN PENDANT,1400,400000,3YO&Up,F&M,SWP,GOLDEN PENDANT
22-Sep-18,454,2,NSW,ATC,RHIL,SHANNON STAKES,1500,175000,3YO&Up,O,Qlty,SHANNON STAKES
22-Sep-18,281,3,NSW,ATC,RHIL,GLOAMING STAKES,1800,200000,3-Y-O,O,SW,GLOAMING STAKES
22-Sep-18,209,3,NSW,ATC,RHIL,COLIN STEPHEN QUALITY,2400,160000,3YO&Up,O,Qlty,COLIN STEPHEN QLTY HCP
22-Sep-18,508,4,SA,SAJC,MORP,TOKYO CITY CUP,1800,100000,O,O,SWP,TOKYO CITY CUP
22-Sep-18,550,4,SA,SAJC,MORP,W H WYLIE HANDICAP,1100,100000,O,O,Qlty,W H WYLIE HANDICAP
22-Sep-18,348,1,VIC,MRC,CAUL,SIR RUPERT CLARKE STAKES,1400,500000,O,O,Hcp,INVITATION STAKES
22-Sep-18,440,3,VIC,MRC,CAUL,NATURALISM STAKES,2000,150000,O,O,Qlty,NATURALISM STAKES
22-Sep-18,656,3,VIC,MRC,CAUL,HOW NOW STAKES,1200,150000,4YO&Up,M,SWP,HOW NOW STAKES
22-Sep-18,981,4,VIC,MRC,CAUL,JIM MOLONEY STAKES,1400,120000,3-Y-O,F,SWP,JIM MOLONEY STAKES
23-Sep-18,609,4,WA,KALG-BOU RC,KALG,BOULDER CUP,2100,100000,3YO&Up,O,Qlty,BOULDER CUP
28-Sep-18,363,1,VIC,MVRC,M V,A.J. MOIR STAKES,1000,500000,O,O,WFA,A.J. MOIR STAKES
28-Sep-18,369,2,VIC,MVRC,M V,BILL STUTT STAKES,1600,200000,3-Y-O,O,SW,MOONEE VALLEY STAKES
28-Sep-18,599,2,VIC,MVRC,M V,W H STOCKS STAKES,1600,200000,4YO&Up,M,WFA,W H STOCKS STAKES
28-Sep-18,641,3,VIC,MVRC,M V,JRA CUP,2040,200000,O,O,Qlty,JRA CUP
28-Sep-18,525,3,VIC,MVRC,M V,SCARBOROUGH STAKES,1200,150000,3-Y-O,F,SW,MV CHAMPAGNE STAKES
29-Sep-18,14,1,NSW,ATC,RAND,EPSOM HCP,1600,1000000,3YO&Up,O,Hcp,EPSOM HANDICAP
29-Sep-18,16,1,NSW,ATC,RAND,THE METROPOLITAN,2400,750000,3YO&Up,O,Hcp,THE METROPOLITAN
29-Sep-18,261,1,NSW,ATC,RAND,FLIGHT STAKES,1600,500000,3-Y-O,F,SW,FLIGHT STAKES
29-Sep-18,308,2,NSW,ATC,RAND,HILL STAKES,1800,500000,3YO&Up,O,WFA,HILL STAKES
29-Sep-18,407,2,NSW,ATC,RAND,PREMIERE STAKES,1200,500000,3YO&Up,O,WFA,PREMIERE STAKES
29-Sep-18,153,3,NSW,ATC,RAND,BREEDERS' PLATE,1000,150000,2-Y-O,C&G,SW,BREEDERS PLATE
29-Sep-18,279,3,NSW,ATC,RAND,GIMCRACK STAKES,1000,150000,2-Y-O,F,SW,AJC GIMCRACK STKS
29-Sep-18,570,4,NSW,ATC,RAND,DULCIFY 3YO QUALITY HCP,1600,140000,3-Y-O,O,Qlty,DULCIFY QUALITY HCP
29-Sep-18,743,4,VIC,MRC,MORN,R.M. ANSETT CLASSIC,2400,120000,O,O,Hcp,R M ANSETT CLASSIC
30-Sep-18,521,1,VIC,MRC,CAUL,UNDERWOOD STAKES,1800,750000,3YO&Up,O,WFA,UNDERWOOD STAKES
30-Sep-18,300,2,VIC,MRC,CAUL,THOUSAND GUINEAS PRELUDE,1400,200000,3-Y-O,F,SWP,TRANQUIL STAR STAKES
30-Sep-18,458,3,VIC,MRC,CAUL,CAULFIELD GUINEAS PRELUDE,1400,175000,3-Y-O,C&G,SWP,CAULFIELD GUINEAS PRELUDE
30-Sep-18,721,4,VIC,MRC,CAUL,TESTA ROSSA STAKES,1200,120000,O,O,Hcp,TESTA ROSSA STAKES
03-Oct-18,296,4,WA,KALG-BOU RC,KALG,HANNAN'S HANDICAP,1400,120000,3YO&Up,O,Qlty,HANNANS HANDICAP
06-Oct-18,23,1,NSW,ATC,RAND,SPRING CHAMPION STAKES,2000,500000,3-Y-O,O,SW,SPRING CHAMPION STAKES
06-Oct-18,433,2,NSW,ATC,RAND,ROMAN CONSUL STAKES,1200,300000,3-Y-O,O,SW,ROMAN CONSUL STKS
06-Oct-18,618,3,NSW,ATC,RAND,ANGST STAKES,1600,160000,4YO&Up,M,SWP,ANGST QUALITY HCP
06-Oct-18,519,1,VIC,VRC,FLEM,TURNBULL STAKES,2000,500000,4YO&Up,O,SWP,TURNBULL STAKES
06-Oct-18,244,2,VIC,VRC,FLEM,EDWARD MANIFOLD STAKES,1600,200000,3-Y-O,F,SW,EDWARD MANIFOLD STAKES
06-Oct-18,442,2,VIC,VRC,FLEM,GILGAI STAKES,1200,200000,O,O,SWP,BAGUETTE STAKES
06-Oct-18,590,2,VIC,VRC,FLEM,ROSE OF KINGSTON STAKES,1400,200000,4YO&Up,M,SWP,ROSE OF KINGSTON STAKES
06-Oct-18,713,3,VIC,VRC,FLEM,THE BART CUMMINGS,2500,300000,O,O,Qlty,THE BART CUMMINGS
06-Oct-18,205,4,VIC,VRC,FLEM,POSEIDON STAKES,1400,120000,3-Y-O,O,SWP,POSEIDON STAKES
06-Oct-18,346,4,VIC,VRC,FLEM,MARIBYRNONG TRIAL STAKES,1000,120000,2-Y-O,O,SW,MARIBYRNONG TRIAL STAKES
06-Oct-18,638,4,VIC,VRC,FLEM,PARIS LANE STAKES,1400,120000,4YO&Up,O,Hcp,PARIS LANE STAKES
06-Oct-18,712,4,VIC,VRC,FLEM,SUPER IMPOSE PLATE,1800,120000,3-Y-O,O,SWP,SUPER IMPOSE PLATE
06-Oct-18,319,4,WA,KALG-BOU RC,KALG,KALGOORLIE CUP,2300,130000,3YO&Up,O,Qlty,KALGOORLIE CUP
06-Oct-18,144,4,WA,WATC,BLMT,BIRTHDAY STAKES,1200,100000,4YO&Up,O,SWP,BIRTHDAY STKS
13-Oct-18,203,3,NSW,CITY TATTS,RAND,SYDNEY STAKES,1200,500000,3YO&Up,O,WFA,CITY TATT'S LIGHTNING
13-Oct-18,216,3,NSW,ATC,RAND,CRAVEN PLATE,2000,500000,O,O,WFA,CRAVEN PLATE
13-Oct-18,427,4,NSW,ATC,RAND,REGINALD ALLEN QLTY HCP,1400,140000,3-Y-O,F,Qlty,REGINALD ALLEN QUALITY
13-Oct-18,309,4,SA,SAJC,MORP,HILL SMITH STAKES,1800,100000,3-Y-O,O,SW,HILL SMITH STAKES
13-Oct-18,372,4,SA,SAJC,MORP,DURBRIDGE STAKES,1200,100000,O,O,WFA,DURBRIDGE STAKES
13-Oct-18,11,1,VIC,MRC,CAUL,CAULFIELD GUINEAS,1600,2000000,3-Y-O,O,SW,CAULFIELD GUINEAS
13-Oct-18,181,1,VIC,MRC,CAUL,CAULFIELD STAKES,2000,1000000,3YO&Up,O,WFA,CAULFIELD STAKES
13-Oct-18,245,1,VIC,MRC,CAUL,TOORAK HANDICAP,1600,500000,O,O,Hcp,TOORAK HANDICAP
13-Oct-18,510,1,VIC,MRC,CAUL,THOUSAND GUINEAS,1600,500000,3-Y-O,F,SW,THE THOUSAND GUINEAS
13-Oct-18,196,2,VIC,MRC,CAUL,SCHILLACI STAKES,1100,400000,3YO&Up,O,WFA,SCHILLACI STAKES
13-Oct-18,305,2,VIC,MRC,CAUL,HERBERT POWER STAKES,2400,400000,O,O,Qlty,HERBERT POWER STAKES
13-Oct-18,509,3,VIC,MRC,CAUL,THOROUGHBRED CLUB STAKES,1200,150000,3-Y-O,F,SWP,THOROUGHBRED CLUB STAKES
13-Oct-18,695,3,VIC,MRC,CAUL,NORTHWOOD PLUME STAKES,1200,150000,4YO&Up,M,SWP,NORTHWOOD PLUME STAKES
13-Oct-18,227,4,VIC,MRC,CAUL,DEBUTANT STAKES,1000,120000,2-Y-O,O,SW,DEBUTANT STAKES
13-Oct-18,935,4,VIC,MRC,CAUL,WEEKEND HUSSLER,1400,120000,O,O,HCP,BMW WEEKEND HUSSLER HANDICAP
14-Oct-18,215,4,VIC,CRANBOURNE TC,CRAN,CRANBOURNE CUP,2025,300000,O,O,Hcp,CRANBOURNE CUP
17-Oct-18,979,3,VIC,MRC,CAUL,BLUE SAPPHIRE STAKES,1200,350000,3-Y-O,O,SW,BLUE SAPPHIRE STAKES
17-Oct-18,710,3,VIC,MRC,CAUL,LADIES DAY VASE,1600,150000,4YO&Up,M,SWP,LADIES DAY VASE
17-Oct-18,936,4,VIC,MRC,CAUL,CAULFIELD VILLAGE STAKES,1200,120000,O,O,HCP,CAULFIELD VILLAGE STAKES
19-Oct-18,338,4,SA,MURR BDGE RC,MBRID,MURRAY BRIDGE GOLD CUP,1600,100000,O,O,Qlty,LORD MAYORS MILE
20-Oct-18,617,3,NSW,CITY TATTS,RAND,THE NIVISON,1200,160000,4YO&Up,M,SWP,THE NIVISON
20-Oct-18,462,4,NSW,CITY TATTS,RAND,BRIAN CROWLEYÂ STAKES,1200,150000,3-Y-O,O,SWP,BRIAN CROWLEY STAKES
20-Oct-18,202,4,NSW,ATC,RAND,CITY TATT'S CLUB CUP,2400,140000,3YO&Up,O,Hcp,CITY TATT'S CLUB CUP
20-Oct-18,4,1,VIC,MRC,CAUL,CAULFIELD CUP,2400,5000000,O,O,Hcp,CAULFIELD CUP
20-Oct-18,378,2,VIC,MRC,CAUL,CAULFIELD SPRINT,1100,200000,O,O,Hcp,CAULFIELD SPRINT
20-Oct-18,561,2,VIC,MRC,CAUL,TRISTARC STAKES,1400,200000,4YO&Up,M,SWP,TRISTARC STAKES
20-Oct-18,384,3,VIC,MRC,CAUL,CAULFIELD CLASSIC,2000,500000,3-Y-O,O,SWP,NORMAN ROBINSON STAKES
20-Oct-18,211,3,VIC,MRC,CAUL,PRICELINE CUP,2000,150000,O,O,Hcp,COONGY HANDICAP
20-Oct-18,581,3,VIC,MRC,CAUL,MOONGA STAKES,1400,150000,4YO&Up,O,SWP,MOONGA STAKES
20-Oct-18,728,3,VIC,MRC,CAUL,ETHEREAL STAKES,2000,150000,3-Y-O,F,SWP,ETHEREAL STAKES
20-Oct-18,354,4,VIC,MRC,CAUL,GOTHIC STAKES,1400,120000,3-Y-O,C&G,SWP,GOTHIC STAKES
20-Oct-18,937,4,VIC,MRC,CAUL,ALINGHI STAKES,1100,120000,3YO&Up,F&M,Hcp,ALINGHI STAKES
20-Oct-18,108,3,WA,WATC,ASCT,NORTHERLY STAKES,1400,150000,4YO&Up,O,SWP,NORTHERLY STKS
20-Oct-18,565,4,WA,WATC,ASCT,R.S. CRAWFORD STAKES,1000,100000,4YO&Up,O,SWP,R.S. CRAWFORD STKS
21-Oct-18,594,4,VIC,SEYMOUR RC,SEYM,SEYMOUR CUP,1600,150000,O,O,Hcp,SEYMOUR CUP
24-Oct-18,275,3,VIC,GEELONG RC,GEEL,GEELONG CUP,2400,300000,O,O,Hcp,GEELONG CUP
24-Oct-18,231,4,VIC,GEELONG RC,GEEL,GEELONG CLASSIC,2200,120000,3-Y-O,O,SWP,DERBY TRIAL STAKES
24-Oct-18,974,4,VIC,GEELONG RC,GEEL,BLACK PEARL,1200,120000,3YO&Up,F&M,SWP,BLACK PEARL
26-Oct-18,343,1,VIC,MVRC,M V,MANIKATO STAKES,1200,1000000,O,O,WFA,MANIKATO STAKES
27-Oct-18,2,1,VIC,MVRC,M V,COX PLATE,2040,5000000,3YO&Up,O,WFA,W S COX PLATE
27-Oct-18,368,2,VIC,MVRC,M V,MOONEE VALLEY GOLD CUP,2500,500000,4YO&Up,O,SWP,MOONEE VALLEY GOLD CUP
27-Oct-18,304,2,VIC,MVRC,M V,MV VASE,2040,200000,3-Y-O,O,SW,MV VASE
27-Oct-18,536,2,VIC,MVRC,M V,CRYSTAL MILE,1600,200000,O,O,WFA,CRYSTAL MILE
27-Oct-18,648,2,VIC,MVRC,M V,MOONEE VALLEY FILLIES CLASSIC,1600,200000,3-Y-O,F,SW,MOONEE VALLEY FILLIES CLASSIC
27-Oct-18,425,3,VIC,MVRC,M V,RED ANCHOR STAKES,1200,150000,3-Y-O,O,SWP,RED ANCHOR STAKES
27-Oct-18,587,3,VIC,MVRC,M V,TESIO STAKES,1600,150000,4YO&Up,M,Hcp,TESIO STAKES
27-Oct-18,586,4,VIC,MVRC,M V,WILLIAM CROCKETT STAKES,1200,120000,3-Y-O,F,SWP,WILLIAM CROCKET STAKES
27-Oct-18,939,RL,VIC,MVRC,M V,INGLIS BANNER,1000,500000,2YO,O,SW,INGLIS BANNER
27-Oct-18,133,4,WA,WATC,ASCT,BELGRAVIA STAKES,1200,100000,3-Y-O,O,SWP,BELGRAVIA STKS
28-Oct-18,758,4,VIC,SALE TC,SALE,SALE CUP,1600,200000,O,O,Hcp,SALE CUP
28-Oct-18,733,4,WA,NORTHAM RC,NTHM,NORTHAM CUP,1600,125000,3YO&Up,O,Qlty,NORTHAM CUP
31-Oct-18,141,3,VIC,BJC,BEND,BENDIGO CUP,2400,300000,O,O,Hcp,BENDIGO CUP
03-Nov-18,6,1,VIC,VRC,FLEM,VICTORIA DERBY,2500,2000000,3-Y-O,O,SW,VICTORIA DERBY
03-Nov-18,106,1,VIC,VRC,FLEM,CANTALA STAKES,1600,1000000,O,O,Qlty,CANTALA STAKES
03-Nov-18,117,1,VIC,VRC,FLEM,COOLMORE STUD STAKES,1200,1000000,3-Y-O,O,SW,ASCOT VALE STAKES
03-Nov-18,560,1,VIC,VRC,FLEM,MYER CLASSIC,1600,500000,3YO&Up,F&M,WFA,EMPIRE ROSE STAKES
03-Nov-18,334,2,VIC,VRC,FLEM,LINLITHGOW STAKES,1200,300000,O,O,HCP,LINLITHGOW STAKES
03-Nov-18,531,2,VIC,VRC,FLEM,WAKEFUL STAKES,2000,300000,3-Y-O,F,SWP,WAKEFUL STAKES
03-Nov-18,222,3,VIC,VRC,FLEM,LEXUS STAKES,2500,300000,O,O,Qlty,HOTHAM HANDICAP
03-Nov-18,168,3,VIC,VRC,FLEM,CARBINE CLUB STAKES,1600,200000,3-Y-O,O,SWP,VRC CARBINE CLUB STAKES
03-Nov-18,722,3,VIC,VRC,FLEM,BEGONIA BELLE STAKES,1100,200000,O,M,SWP,BEGONIA BELLE STAKES
03-Nov-18,135,3,WA,WATC,ASCT,ASIAN BEAU STAKES,1400,150000,3YO&Up,O,Hcp,ASIAN BEAU STKS
03-Nov-18,409,3,WA,WATC,ASCT,PRINCE OF WALES STAKES,1000,150000,3YO&Up,O,WFA,PRINCE OF WALES STKS
06-Nov-18,1,1,VIC,VRC,FLEM,MELBOURNE CUP,3200,7300000,O,O,Hcp,MELBOURNE CUP
06-Nov-18,696,3,VIC,VRC,FLEM,HKJC STAKES,1400,200000,4YO&Up,M,SWP,MAYBE MAHAL STAKES
06-Nov-18,159,3,VIC,VRC,FLEM,OTTAWA STAKES,1000,150000,2-Y-O,F,SW,OTTAWA STAKES
06-Nov-18,293,4,VIC,VRC,FLEM,MELBOURNE CUP DAY PLATE,1800,150000,O,O,Hcp,MELBOURNE CUP DAY PLATE
06-Nov-18,491,4,VIC,VRC,FLEM,LEXUS HYBRID STAKES,1400,150000,3-Y-O,F,SWP,DESIRABLE STAKES
06-Nov-18,745,4,VIC,VRC,FLEM,MSS SECURITY SPRINT,1200,150000,O,O,Hcp,ALWAYS WELCOME STAKES
06-Nov-18,158,4,WA,WATC,ASCT,BURGESS QUEEN STAKES,1400,100000,3-Y-O,F,SWP,BURGESS QUEEN STKS
08-Nov-18,673,4,NSW,HAWKESBURY RC,HAWK,SKIN FITNESS CUP,1400,140000,O,O,Hcp,SAFILO CUP
08-Nov-18,19,1,VIC,VRC,FLEM,CROWN OAKS,2500,1000000,3-Y-O,F,SW,VRC OAKS
08-Nov-18,290,3,VIC,VRC,FLEM,CHATHAM STAKES,1400,200000,O,O,Hcp,CHATHAM STAKES
08-Nov-18,172,4,VIC,VRC,FLEM,CENTURY STAKES,1000,150000,O,O,SWP,CENTURY STAKES
08-Nov-18,252,4,VIC,VRC,FLEM,BATMAN STAKES,1800,150000,3-Y-O,O,Hcp,BATMAN STAKES
08-Nov-18,426,4,VIC,VRC,FLEM,RED ROSES STAKES,1200,150000,3-Y-O,F,SWP,RED ROSES STAKES
10-Nov-18,341,1,VIC,VRC,FLEM,EMIRATES STAKES,2000,1500000,O,O,WFA,LKS MACKINNON STAKES
10-Nov-18,271,1,VIC,VRC,FLEM,DARLEY CLASSIC,1200,1000000,O,O,WFA,VICTORIA RACING CLUB STKS
10-Nov-18,639,2,VIC,VRC,FLEM,MATRIARCH STAKES,2000,300000,4YO&Up,M,SWP,MATRIARCH STAKES
10-Nov-18,413,3,VIC,VRC,FLEM,QUEEN ELIZABETH STAKES,2600,300000,O,O,Qlty,VRC QUEEN ELIZABETH STAKES
10-Nov-18,345,3,VIC,VRC,FLEM,MARIBYRNONG PLATE,1000,150000,2-Y-O,O,SW,MARIBYRNONG PLATE
10-Nov-18,522,4,VIC,VRC,FLEM,HILTON HOTELS STAKES,1400,150000,3-Y-O,O,Hcp,VRC SPRINGTIME STAKES
10-Nov-18,328,2,WA,WATC,ASCT,LEE STEERE STAKES,1400,250000,3YO&Up,O,WFA,LEE STEERE STKS
10-Nov-18,114,4,WA,WATC,ASCT,ASCOT GOLD CUP,1800,100000,3YO&Up,O,Qlty,ASCOT GOLD CUP
10-Nov-18,256,4,WA,WATC,ASCT,FAIRETHA STAKES,1400,100000,3-Y-O,C&G,SWP,FAIRETHA STKS
14-Nov-18,579,4,TAS,TTC,LAUN,TASMANIAN NEWMARKET HCP,1200,100000,O,O,Qlty,TTC NEWMARKET HANDICAP
17-Nov-18,747,4,QLD,BRC,DOOM,KEITH NOUD QUALITY,1200,100000,O,O,Qlty,KEITH NOUD QUALITY
17-Nov-18,449,2,VIC,MRC,SAND,ZIPPING CLASSIC,2400,300000,O,O,WFA,SANDOWN CLASSIC
17-Nov-18,450,2,VIC,MRC,SAND,SANDOWN GUINEAS,1600,250000,3-Y-O,O,SW,SANDOWN GUINEAS
17-Nov-18,208,3,VIC,MRC,SAND,SANDOWN STAKES,1500,150000,O,O,Qlty,SANDOWN STAKES
17-Nov-18,243,3,VIC,MRC,SAND,ECLIPSE STAKES,1800,150000,O,O,Qlty,ECLIPSE STAKES
17-Nov-18,637,3,VIC,MRC,SAND,SUMMONED STAKES,1500,150000,4YO&Up,M,SWP,SUMMONED STAKES
17-Nov-18,666,3,VIC,MRC,SAND,KEVIN HEFFERNAN STAKES,1300,150000,O,O,WFA,KEVIN HEFFERNAN STAKES
17-Nov-18,768,4,VIC,MRC,SAND,SANDOWN CUP,3200,150000,O,O,Hcp,SANDOWN CUP
17-Nov-18,236,4,VIC,MRC,SAND,DOVETON STAKES,1200,120000,O,O,Hcp,DOVETON STAKES
17-Nov-18,355,4,VIC,MRC,SAND,TWILIGHT GLOW STAKES,1400,120000,3-Y-O,F,SWP,TWILIGHT GLOW STAKES
17-Nov-18,356,4,VIC,MRC,SAND,MERSON COOPER STAKES,1000,120000,2-Y-O,O,SW,MERSON COOPER STAKES
17-Nov-18,188,3,WA,WATC,ASCT,W.A. CHAMPION FILLIES ST,1600,200000,3-Y-O,F,SW,CHAMPION FILLIES
17-Nov-18,210,3,WA,WATC,ASCT,COLONEL REEVES STAKES,1100,150000,3YO&Up,O,SWP,COLONEL REEVES
17-Nov-18,535,3,WA,WATC,ASCT,R.J. PETERS STAKES,1500,150000,3YO&Up,O,Hcp,R J PETERS STKS
24-Nov-18,424,4,QLD,TATTS RC QLD,DOOM,RECOGNITION STAKES,1600,100000,O,O,Qlty,RECOGNITION STAKES
24-Nov-18,677,4,QLD,TATTS RC QLD,DOOM,COLIN MCAPLINE CLASSIC,1200,100000,3YO&Up,F&M,SWP,COLIN MCAPLINE CLASSIC
24-Nov-18,128,4,VIC,BALLARAT TC,BRAT,BALLARAT CUP,2200,300000,O,O,Hcp,BALLARAT CUP
24-Nov-18,43,1,WA,WATC,ASCT,RAILWAY STAKES,1600,1000000,3YO&Up,O,Qlty,RAILWAY STKS
24-Nov-18,528,2,WA,WATC,ASCT,W.A. GUINEAS,1600,500000,3-Y-O,O,SW,WA GUINEAS
24-Nov-18,242,4,WA,WATC,ASCT,CARBINE OF WA STAKES,1400,100000,4YO&Up,O,SWP,EASTER STKS
24-Nov-18,489,4,WA,WATC,ASCT,PLACID ARK STAKES,1200,100000,3-Y-O,O,SWP,PLACID ARK STKS
24-Nov-18,504,4,WA,WATC,ASCT,TATTERSALL'S CUP,2100,100000,3YO&Up,O,Qlty,WATC TATTERSALL'S CUP
24-Nov-18,698,4,WA,WATC,ASCT,JUNGLE MIST CLASSIC,1200,100000,3YO&Up,F&M,SWP,JUNGLE MIST CLASSIC
25-Nov-18,323,4,VIC,KILMORE TC,KILM,KILMORE CUP,1600,130000,O,O,Hcp,KILMORE CUP
01-Dec-18,260,3,NSW,ATC,RHIL,FESTIVAL STAKES,1500,160000,3YO&Up,O,Qlty,FESTIVAL HCP
01-Dec-18,267,4,NSW,ATC,RHIL,ATC CUP,2000,150000,3YO&Up,O,Qlty,FRANK UNDERWOOD CUP
01-Dec-18,654,4,NSW,ATC,RHIL,STARLIGHT STAKES,1100,140000,3YO&Up,O,Qlty,STARLIGHT STAKES
01-Dec-18,552,3,QLD,BRC,DOOM,GEORGE MOORE STAKES,1200,200000,O,O,Qlty,GEORGE MOORE STAKES
01-Dec-18,718,4,QLD,BRC,DOOM,MODE STAKES,1200,100000,3-Y-O,F,Qlty,MODE STAKES
01-Dec-18,549,1,WA,WATC,ASCT,WINTERBOTTOM STAKES,1200,1000000,3YO&Up,O,WFA,WINTERBOTTOM STKS
05-Dec-18,218,4,TAS,TTC,LAUN,CONQUERING STAKES,1400,100000,O,O,WFA,PREMIUM STAKES
08-Dec-18,155,4,QLD,BRC,DOOM,BRISBANE HANDICAP,1600,100000,O,O,Qlty,BRISBANE HANDICAP
08-Dec-18,664,4,QLD,BRC,DOOM,JUST NOW QUALITY,1200,100000,3YO&Up,O,Qlty,JUST NOW QUALITY
08-Dec-18,201,4,SA,SAJC,MORP,CITY OF MARION STAKES,1200,100000,O,O,Qlty,CITY OF MARION STAKES
08-Dec-18,539,4,VIC,PAKENHAM RC,PAK,PAKENHAM CUP,2500,120000,O,O,Hcp,WERRIBEE CUP
08-Dec-18,438,1,WA,WATC,ASCT,KINGSTON TOWN CLASSIC,1800,1000000,3YO&Up,O,WFA,KINGSTON TOWN CLASSIC
08-Dec-18,465,4,WA,WATC,ASCT,SIR ERNEST LEE-STEERE CLASSIC,1400,100000,3-Y-O,O,SW,LEE STEERE CLASSIC
08-Dec-18,516,4,WA,WATC,ASCT,G.A. TOWTON CUP,2200,100000,3YO&Up,O,Qlty,G.A. TOWTON CUP
08-Dec-18,649,4,WA,WATC,ASCT,JUNGLE DAWN CLASSIC,1400,100000,3YO&Up,F&M,SWP,JUNGLE DAWN CLASSIC
15-Dec-18,527,2,NSW,ATC,RAND,VILLIERS STAKES,1600,250000,3YO&Up,O,Qlty,VILLIERS STAKES
15-Dec-18,197,4,NSW,ATC,RAND,CHRISTMASÂ CUP,2400,150000,3YO&Up,O,Qlty,CHRISTMAS CUP
15-Dec-18,619,4,NSW,ATC,RAND,RAZOR SHARP HCP,1200,150000,3YO&Up,O,Qlty,RAZOR SHARP HANDICAP
15-Dec-18,940,RL,NSW,ATC,RAND,INGLIS NURSERY,1000,500000,2-Y-O,O,SW,INGLIS NURSERY
15-Dec-18,235,4,QLD,BRC,DOOM,LOUGH NEAGH STAKES,1350,150000,O,O,SW,LOUGH NEAGH STAKES
15-Dec-18,315,4,QLD,BRC,DOOM,BRIBIE HANDICAP,1050,100000,O,O,Qlty,BRIBIE HANDICAP
15-Dec-18,359,4,QLD,BRC,DOOM,PHELAN READY STAKES,1050,100000,2-Y-O,C&G,SW,PHELAN READY STAKES
15-Dec-18,678,4,QLD,BRC,DOOM,CALAWAY GAL STAKES,1050,100000,2-Y-O,F,SW,CALAWAY GAL STAKES
15-Dec-18,732,4,QLD,BRC,DOOM,GOLD EDITION PLATE,1300,100000,3-Y-O,O,SW,GOLD EDITION PLATE
15-Dec-18,451,3,WA,WATC,ASCT,A.J. SCAHILL STAKES,1400,250000,3YO&Up,O,WFA,A J SCAHILL STKS
19-Dec-18,501,4,TAS,TRC,HOB,TASMANIAN STAKES,1600,100000,O,O,WFA,TASMANIAN STAKES
22-Dec-18,29,4,SA,SAJC,MORP,CHRISTMAS HANDICAP,1200,100000,O,O,Qlty,CHRISTMAS HANDICAP
22-Dec-18,213,2,WA,WATC,ASCT,TED VAN HEEMST STAKES,2100,250000,3YO&Up,O,WFA,C B COX STKS
22-Dec-18,614,4,WA,WATC,ASCT,STARSTRUCK CLASSIC,1600,100000,3YO&Up,F&M,SWP,STARSTRUCK CLASSIC
26-Dec-18,488,3,NSW,ATC,RAND,SUMMER CUP,2000,160000,3YO&Up,O,Qlty,SUMMER CUP
26-Dec-18,198,4,VIC,MRC,CAUL,CHRISTMAS STAKES,1200,120000,O,O,Hcp,CHRISTMAS STAKES
26-Dec-18,311,4,VIC,MRC,CAUL,LORD STAKES,1700,120000,O,O,Hcp,LORD STAKES
28-Dec-18,134,3,NSW,GOSFORD RC LTD,GOSF,BELLE OF THE TURF STAKES,1600,160000,3YO&Up,F&M,Qlty,BELLE OF THE TURF STAKES
29-Dec-18,621,4,NSW,ATC,CANT,CANTERBURY CLASSIC,1200,150000,3YO&Up,O,Qlty,CANTERBURY CLASSIC
29-Dec-18,558,3,QLD,BRC,DOOM,BJ MCLACHLAN STAKES,1200,200000,2-Y-O,O,SW,BJ MCLACHLAN STAKES
29-Dec-18,705,3,QLD,BRC,DOOM,VO ROGUE PLATE,1350,200000,3-Y-O,O,SW,VO ROGUE PLATE
29-Dec-18,142,4,QLD,BRC,DOOM,BERNBOROUGH HANDICAP,1600,300000,O,O,Qlty,BERNBOROUGH HANDICAP
29-Dec-18,706,4,QLD,BRC,DOOM,NUDGEE QUALITY,1200,125000,O,F,SW,NUDGEE QUALITY
29-Dec-18,681,4,QLD,BRC,DOOM,FALVELON QUALITY,1200,100000,O,O,Qlty,FALVELON QUALITY
29-Dec-18,478,4,WA,WATC,ASCT,A.T.A. STAKES,2200,"$100,000",3UP,,Hcp,A.T.A. STAKES
01-Jan-19,502,4,NSW,TATTERSALLS (NSW),RAND,TATTERSALLS CLUB CUP,2400,150000,3YO&Up,O,Qlty,TATTERSALLS CLUB CUP
01-Jan-19,480,3,VIC,VRC,FLEM,STANDISH HANDICAP,1200,150000,O,O,Hcp,STANDISH HANDICAP
01-Jan-19,125,4,VIC,VRC,FLEM,BAGOT HANDICAP,2800,150000,O,O,Hcp,BAGOT HANDICAP
05-Jan-19,44,2,WA,WATC,ASCT,PERTH CUP,2400,500000,3YO&Up,O,Qlty,PERTH CUP
05-Jan-19,699,3,WA,WATC,ASCT,LA TRICE CLASSIC,1800,150000,3YO&Up,F&M,SWP,LA TRICE CLASSIC
05-Jan-19,700,4,WA,WATC,ASCT,SUMMER SCORCHER,1000,100000,3YO&Up,O,Qlty,SUMMER SCORCHER
10-Jan-19,395,4,NSW,GOSFORD RC LTD,GOSF,TAKEOVER TARGET STAKES,1200,140000,3YO&Up,O,Qlty,PACESETTER STAKES
11-Jan-19,499,4,TAS,TTC,GCST,TASMANIAN GUINEAS,1600,100000,3-Y-O,O,SW,TASMANIAN GUINEAS
12-Jan-19,749,RL,QLD,GOLD COAST TC,GCTC,MAGIC MILLIONS 2YO CLASSIC,1200,2000000,2-Y-O,O,SW,MAGIC MILLIONS 2YO CLASSIC
12-Jan-19,750,RL,QLD,GOLD COAST TC,GCTC,MAGIC MILLIONS 3YO GUINEAS,1400,2000000,3-Y-O,O,SWP,MAGIC MILLIONS 3YO GUINEAS
12-Jan-19,770,RL,QLD,GOLD COAST TC,GCTC,MAGIC MILLIONS CUP,1400,1000000,O,O,Qlty,MAGIC MILLIONS CUP
12-Jan-19,194,4,VIC,VRC,FLEM,CHESTER MANIFOLD STAKES,1400,120000,O,O,Hcp,CHESTER MANIFOLD STAKES
12-Jan-19,645,4,VIC,VRC,FLEM,KENSINGTON STAKES,1000,120000,O,O,Hcp,KENSINGTON STAKES
17-Jan-19,285,4,NSW,GOSFORD RC LTD,GOSF,GOSFORD GUINEAS,1200,250000,3-Y-O,O,SWP,GOSFORD GUINEAS
17-Jan-19,284,4,NSW,GOSFORD RC LTD,GOSF,GOSFORD GOLD CUP,2100,150000,3YO&Up,O,Qlty,GOSFORD GOLD CUP
19-Jan-19,633,4,WA,WATC,ASCT,MISS ANDRETTI STAKES,1100,100000,3YO&Up,O,Qlty,RUABON SPRINT
25-Jan-19,559,2,VIC,MVRC,M V,AUSTRALIA STAKES,1200,200000,O,O,WFA,STANLEY WOOTTON STAKES
26-Jan-19,109,4,NSW,ATC,RAND,AUSTRALIA DAY CUP,2400,150000,3YO&Up,O,Hcp,AUSTRALIA DAY CUP
26-Jan-19,175,4,NSW,ATC,RAND,CARRINGTON STAKES,1400,140000,3YO&Up,O,Qlty,CARRINGTON STAKES
26-Jan-19,679,4,QLD,SUN COAST TC,SCST,SUNSHINE COAST CUP,1400,100000,O,O,SW,SUNSHINE COAST CUP
26-Jan-19,448,3,VIC,MRC,CAUL,BLUE DIAMOND PREVIEW (F),1000,150000,2-Y-O,F,SWP,BLUE DIAMOND PREVIEW FILLY
26-Jan-19,447,4,VIC,MRC,CAUL,BLUE DIAMOND PREVIEW (C&G),1000,150000,2-Y-O,C&G,SWP,BLUE DIAMOND PREVIEW C&G
26-Jan-19,130,4,VIC,MRC,CAUL,JOHN DILLON STAKES,1400,120000,O,O,Hcp,BARTON STAKES
27-Jan-19,608,4,TAS,TRC,HOB,HOBART GUINEAS,2100,100000,3-Y-O,O,SW,HOBART GUINEAS
02-Feb-19,254,2,NSW,ATC,RHIL,EXPRESSWAY STAKES,1200,200000,3YO&Up,O,WFA,EXPRESSWAY STAKES
02-Feb-19,162,3,NSW,ATC,RHIL,CANONBURY STAKES,1100,160000,2-Y-O,C&G,SWP,CANONBURY STAKES
02-Feb-19,542,3,NSW,ATC,RHIL,WIDDEN STAKES,1100,160000,2-Y-O,F,SWP,WIDDEN STAKES
02-Feb-19,452,3,VIC,MRC,CAUL,MANFRED STAKES,1200,150000,3-Y-O,O,SWP,MANFRED STAKES
02-Feb-19,584,3,VIC,MRC,CAUL,CHAIRMAN'S STAKES,1100,150000,2-Y-O,O,SWP,MRC CHAIRMAN'S STAKES
02-Feb-19,303,4,VIC,MRC,CAUL,W. J. (BILL) ADAMS STAKES,1000,120000,O,O,Hcp,W J ADAMS STAKES
02-Feb-19,122,4,WA,WATC,ASCT,SCENIC BLAST STAKES,1200,100000,3YO&Up,O,Qlty,AUSTRALIA DAY STKS
03-Feb-19,734,4,WA,BUNBURY RC,BUNB,WESTERN AUSTRALIAN BREEDERS' CLASSIC,1400,100000,3-Y-O,O,SWP,SOUTH WEST BREEDERS' CLASSIC
08-Feb-19,692,3,TAS,TRC,HOB,BOW MISTRESS TROPHY,1200,125000,3YO&UP,F&M,WFA,BOW MISTRESS TROPHY
08-Feb-19,498,4,TAS,TRC,HOB,TASMANIAN DERBY,2200,100000,3-Y-O,O,SW,TASMANIAN DERBY
09-Feb-19,627,2,NSW,ATC,RAND,BREEDERS' CLASSIC,1200,175000,4YO&Up,M,SWP,BREEDERS CLASSIC
09-Feb-19,251,3,NSW,ATC,RAND,ESKIMO PRINCE STAKES,1200,160000,3-Y-O,O,SWP,ESKIMO PRINCE STKS
09-Feb-19,962,4,NSW,ATC,RAND,LONHRO PLATE,1100,140000,2-Y-O,O,SWP,LONHRO PLATE
09-Feb-19,942,RL,NSW,ATC,RAND,INGLIS CLASSIC,1200,250000,2-Y-O,O,SW,INGLIS CLASSIC
09-Feb-19,393,1,VIC,MRC,CAUL,C.F.ORR STAKES,1400,500000,O,O,WFA,C.F. ORR STAKES
09-Feb-19,124,2,VIC,MRC,CAUL,AUTUMN STAKES,1400,200000,3-Y-O,O,SWP,AUTUMN STAKES
09-Feb-19,179,2,VIC,MRC,CAUL,BLUE DIAMOND PRELUDE (F),1100,200000,2-Y-O,F,SW,BLUE DIAMOND PRELUDE FLLY
09-Feb-19,576,2,VIC,MRC,CAUL,RUBITON STAKES,1100,200000,O,O,SWP,RUBITON STAKES
09-Feb-19,178,3,VIC,MRC,CAUL,BLUE DIAMOND PRELUDE (C&G),1100,200000,2-Y-O,C&G,SW,BLUE DIAMOND PRELUDE C&G
09-Feb-19,170,3,VIC,MRC,CAUL,CARLYON CUP,1600,150000,O,O,SWP,T S CARLYON CUP
09-Feb-19,316,3,VIC,MRC,CAUL,KEVIN HAYES STAKES,1200,150000,3-Y-O,F,SWP,BORONIA STAKES
09-Feb-19,661,3,VIC,MRC,CAUL,GEOFFREY BELMAINE STAKES,1200,150000,4YO&Up,M,SWP,GEOFFREY BELMAINE STAKES
09-Feb-19,944,RL,WA,PINJARRA RC,PINJ,MAGIC MILLIONS WA 2YO CLASSIC,1200,250000,2-Y-O,O,SW,MAGIC MILLIONS PERTH 2YO CLASSIC
09-Feb-19,943,RL,WA,PINJARRA RC,PINJ,MAGIC MILLIONS WA 3YO TROPHY,1200,150000,3-Y-O,O,SW,MAGIC MILLIONS 3YO TROPHY
10-Feb-19,40,3,TAS,TRC,HOB,HOBART CUP,2400,200000,O,O,Hcp,HOBART CUP
10-Feb-19,247,4,TAS,TRC,HOB,THOMAS LYONS STAKES,1400,100000,O,O,WFA,THOMAS LYONS STAKES
10-Feb-19,487,4,TAS,TRC,HOB,STRUTT STAKES,2100,100000,3-Y-O,F,SW,STRUTT STAKES
10-Feb-19,497,4,TAS,TRC,HOB,ELWICK 2YO STAKES,1100,100000,2-Y-O,O,SW,ELWICK STAKES
15-Feb-19,742,4,VIC,MVRC,M V,MV NIGHT CUP,2500,150000,O,O,Hcp,MV NIGHT CUP
16-Feb-19,112,2,NSW,ATC,RAND,APOLLO STAKES,1400,250000,3YO&Up,O,WFA,APOLLO STAKES
16-Feb-19,330,2,NSW,ATC,RAND,LIGHT FINGERS STAKES,1200,175000,3-Y-O,F,SW,LIGHT FINGERS STAKES
16-Feb-19,268,3,NSW,ATC,RAND,SOUTHERN CROSS STAKES,1200,160000,3YO&Up,O,Qlty,FREDERICK CLISSOLD STAKES
16-Feb-19,629,3,NSW,ATC,RAND,TRISCAY STAKES,1200,160000,4YO&Up,M,Qlty,TRISCAY STAKES
16-Feb-19,31,4,SA,SAJC,MORP,BIRTHDAY CUP,2000,100000,O,O,Qlty,BIRTHDAYÂ CUP
16-Feb-19,332,1,VIC,VRC,FLEM,LIGHTNING STAKES,1000,750000,O,O,WFA,VRC LIGHTNING STAKES
16-Feb-19,226,3,VIC,VRC,FLEM,CS HAYES STAKES,1200,150000,3-Y-O,C&G,SWP,THE DEBONAIR
16-Feb-19,524,3,VIC,VRC,FLEM,THE VANITY,1200,150000,3-Y-O,F,SWP,THE VANITY
16-Feb-19,496,4,VIC,VRC,FLEM,TALINDERT STAKES,1100,120000,2-Y-O,O,SWP,TALINDERT STAKES
16-Feb-19,185,4,WA,WATC,ASCT,CHALLENGE STAKES,1500,100000,3-Y-O,O,SWP,WATC CHALLENGE STKS
16-Feb-19,220,4,WA,WATC,ASCT,CYRIL FLOWER STAKES,1200,100000,3YO&Up,O,Qlty,CYRIL FLOWER STKS
22-Feb-19,731,3,VIC,MVRC,M V,TYPHOON TRACY STAKES,1200,150000,3-Y-O,F,SWP,TYPHOON TRACY STAKES
23-Feb-19,310,2,NSW,ATC,RHIL,HOBARTVILLE STAKES,1400,400000,3-Y-O,O,SW,HOBARTVILLE STAKES
23-Feb-19,25,2,NSW,ATC,RHIL,SILVER SLIPPER STAKES,1100,250000,2-Y-O,O,SW,SILVER SLIPPER STAKES
23-Feb-19,647,2,NSW,ATC,RHIL,MILLIE FOX STAKES,1300,175000,3YO&Up,F&M,SWP,MILLIE FOX STAKES
23-Feb-19,397,4,NSW,ATC,RHIL,PARRAMATTA CUP,1900,140000,3YO&Up,O,Qlty,PARRAMATTA CUP
23-Feb-19,21,1,VIC,MRC,CAUL,BLUE DIAMOND STAKES,1200,1500000,2-Y-O,O,SW,BLUE DIAMOND STAKES
23-Feb-19,17,1,VIC,MRC,CAUL,FUTURITY STAKES,1400,500000,O,O,WFA,FUTURITY STAKES
23-Feb-19,387,1,VIC,MRC,CAUL,OAKLEIGH PLATE,1100,500000,O,O,Hcp,OAKLEIGH PLATE
23-Feb-19,180,2,VIC,MRC,CAUL,CAULFIELD AUTUMN CLASSIC,1800,200000,3-Y-O,O,SW,CAULFIELD AUTUMN CLASSIC
23-Feb-19,474,2,VIC,MRC,CAUL,PETER YOUNG STAKES,1800,200000,O,O,WFA,ST GEORGE STAKES
23-Feb-19,518,2,VIC,MRC,CAUL,ANGUS ARMANASCO STAKES,1400,200000,3-Y-O,F,SW,ANGUS ARMANASCO STAKES
23-Feb-19,562,3,VIC,MRC,CAUL,MANNERISM STAKES,1400,150000,4YO&Up,M,SWP,MANNERISM STAKES
23-Feb-19,563,3,VIC,MRC,CAUL,ZEDITAVE STAKES,1200,150000,3-Y-O,O,SWP,ZEDITAVE STAKES
23-Feb-19,665,4,VIC,MRC,CAUL,MORNINGTON CUP PRELUDE,2000,120000,O,O,Qlty,MORNINGTON CUP PRELUDE
23-Feb-19,596,4,WA,WATC,ASCT,DETONATOR STAKES,1800,100000,3YO&Up,O,SWP,DETONATOR HCP
24-Feb-19,709,3,TAS,TTC,LAUN,VAMOS STAKES,1400,125000,3YO&Up,F&M,WFA,VAMOS STAKES
24-Feb-19,500,4,TAS,TTC,LAUN,TASMANIAN OAKS,2100,100000,3-Y-O,F,SW,TASMANIAN OAKS
24-Feb-19,701,4,WA,PINJARRA RC,PINJ,PINJARRA CLASSIC,1300,120000,3YO&Up,O,Qlty,PINJARRA STKS
27-Feb-19,41,3,TAS,TTC,LAUN,LAUNCESTON CUP,2400,200000,O,O,Hcp,LAUNCESTON CUP
27-Feb-19,282,4,TAS,TTC,LAUN,GOLD SOVEREIGN STAKES,1200,100000,2-Y-O,O,SW,GOLD SOVEREIGN STAKES
27-Feb-19,374,4,TAS,TTC,LAUN,MOWBRAY STAKES,1600,100000,O,O,WFA,MOWBRAY STAKES
02-Mar-19,195,1,NSW,ATC,WFM,CHIPPING NORTON STAKES,1600,600000,3YO&Up,O,WFA,CHIPPING NORTON STAKES
02-Mar-19,493,1,NSW,ATC,WFM,SURROUND STAKES,1400,500000,3-Y-O,F,SW,SURROUND STAKES
02-Mar-19,468,2,NSW,ATC,WFM,SKYLINE STAKES,1200,175000,2-Y-O,C&G,SW,SKYLINE STAKES
02-Mar-19,494,2,NSW,ATC,WFM,SWEET EMBRACE STAKES,1200,175000,2-Y-O,F,SW,SWEET EMBRACE STAKES
02-Mar-19,628,2,NSW,ATC,WFM,GUY WALTER STAKES,1400,175000,4YO&Up,M,SWP,WIGGLE STAKES
02-Mar-19,336,3,NSW,ATC,WFM,LIVERPOOL CITY CUP,1300,160000,3YO&Up,O,Qlty,LIVERPOOL CITY CUP
02-Mar-19,682,4,QLD,BRC,DOOM,MEMBERS' CUP,1600,100000,3YO&Up,O,Qlty,MEMBERS' CUP
02-Mar-19,541,3,SA,SAJC,MORP,BOAG'S LORD REIMS STAKES,2600,120000,O,O,SWP,LORD REIMS STAKES
02-Mar-19,199,4,SA,SAJC,MORP,CINDERELLA STAKES,1050,100000,2-Y-O,F,SW,CINDERELLA STAKES
02-Mar-19,123,1,VIC,VRC,FLEM,AUSTRALIAN GUINEAS,1600,1000000,3-Y-O,O,SW,AUSTRALIAN GUINEAS
02-Mar-19,265,3,VIC,VRC,FLEM,FRANCES TRESSADY STAKES,1400,150000,3YO&Up,F&M,SWP,FRANCES TRESSADY STAKES
02-Mar-19,357,3,VIC,VRC,FLEM,SHAFTESBURY AVENUE HCP,1400,150000,O,O,Hcp,SHAFTESBURY AVENUE HCP
02-Mar-19,154,4,VIC,VRC,FLEM,BOB HOYSTED STAKES,1000,120000,4YO&Up,O,Hcp,BOB HOYSTED STAKES
02-Mar-19,223,4,VIC,VRC,FLEM,FESTIVAL OF RACING STAKES,1000,120000,2-Y-O,O,SWP,Flem Festival of Racing ST.
02-Mar-19,730,4,VIC,VRC,FLEM,ROY HIGGINS QUALITY,2600,120000,3-Y-O,O,Qlty,ROY HIGGINS QUALITY
02-Mar-19,635,4,WA,WATC,ASCT,LEX PIPER STAKES,1600,100000,3-Y-O,C&G,SWP,TJ SMITH TROPHY
02-Mar-19,724,4,WA,WATC,ASCT,ASCOT 1000 GUINEAS,1800,100000,3-Y-O,F,SWP,WATC ASCOT 1000 GUINEAS
06-Mar-19,157,4,WA,BUNBURY RC,BUNB,BUNBURY STAKES,1400,120000,3YO&Up,O,Qlty,BUNBURY STKS
08-Mar-19,169,3,NSW,NEWCASTLE JC,NCLE,NEWCASTLE NEWMARKET HCP,1400,160000,O,O,Qlty,NEWCASTLE NEWMARKET HCP
09-Mar-19,164,1,NSW,ATC,RAND,RANDWICK GUINEAS,1600,1000000,3-Y-O,O,SW,RANDWICK GUINEAS
09-Mar-19,165,1,NSW,ATC,RAND,CANTERBURY STAKES,1300,500000,3YO&Up,O,WFA,CANTERBURY STAKES
09-Mar-19,186,2,NSW,ATC,RAND,CHALLENGE STAKES,1000,500000,3YO&Up,O,WFA,AJC CHALLENGE STAKES
09-Mar-19,428,2,NSW,ATC,RAND,REISLING STAKES,1200,300000,2-Y-O,F,SW,REISLING SLIPPER TRIAL
09-Mar-19,511,2,NSW,ATC,RAND,TODMAN STAKES,1200,300000,2-Y-O,C&G,SW,TODMAN SLIPPER TRIAL
09-Mar-19,674,3,NSW,ATC,RAND,ASPIRATION QUALITY,1600,160000,3YO&Up,F&M,Qlty,ASPIRATION QUALITY
09-Mar-19,675,3,NSW,ATC,RAND,WENONA GIRL HANDICAP,1200,160000,4YO&Up,M,Qlty,WENONA GIRL HANDICAP
09-Mar-19,163,4,NSW,ATC,RAND,RANDWICK CITY STAKES,2000,140000,3YO&Up,O,Qlty,RANDWICK CITY STAKES
09-Mar-19,725,4,NSW,ATC,RAND,FIREBALL STAKES,1100,140000,3-Y-O,O,SWP,FIREBALL STAKES
09-Mar-19,18,1,VIC,VRC,FLEM,AUSTRALIAN CUP,2000,1500000,O,O,WFA,AUSTRALIAN CUP
09-Mar-19,12,1,VIC,VRC,FLEM,LEXUS NEWMARKET HANDICAP,1200,1250000,O,O,Hcp,VRC NEWMARKET HANDICAP
09-Mar-19,9,2,VIC,VRC,FLEM,VRC SIRES' PRODUCE STAKES,1400,200000,2-Y-O,O,SW,VRC SIRES' PRODUCE STAKES
09-Mar-19,322,2,VIC,VRC,FLEM,A.V KEWNEY STAKES,1400,200000,3-Y-O,F,SW,A.V KEWNEY STAKES
09-Mar-19,606,3,VIC,VRC,FLEM,MATRON STAKES,1600,150000,3YO&Up,F&M,SWP,MATRON STAKES
09-Mar-19,366,4,VIC,VRC,FLEM,MOOMBA PLATE,1100,120000,3-Y-O,O,Hcp,MOOMBA PLATE
09-Mar-19,492,4,WA,WATC,ASCT,SUPREMACY STAKES,1000,100000,2-Y-O,O,SWP,SUPREMACY STKS
10-Mar-19,146,3,NSW,CANBERRA RC,CANB,BLACK OPAL STAKES,1200,275000,2-Y-O,O,SWP,BLACK OPAL STAKES
10-Mar-19,161,4,NSW,CANBERRA RC,CANB,CANBERRA CUP,2000,200000,O,O,Qlty,CANBERRA CUP
10-Mar-19,437,4,NSW,CANBERRA RC,CANB,NATIONAL SPRINT,1400,140000,O,O,Qlty,NATIONAL SPRINT
10-Mar-19,735,4,NSW,CANBERRA RC,CANB,CANBERRA GUINEAS,1400,140000,3-Y-OÂ,O,SWP,CANBERRA GUINEAS
10-Mar-19,156,4,WA,BUNBURY RC,BUNB,BUNBURY CUP,2000,120000,3YO&Up,O,Qlty,BUNBURY CUP
11-Mar-19,28,2,SA,SAJC,MORP,ADELAIDE CUP,3200,400000,O,O,Hcp,ADELAIDE CUP
11-Mar-19,503,4,SA,SAJC,MORP,C S HAYES STAKES,1600,100000,O,O,Qlty,COLIN HAYES MEMORIAL CUP
11-Mar-19,574,4,SA,SAJC,MORP,MATRICE STAKES,1200,100000,O,O,SWP,MATRICE STAKES
15-Mar-19,668,3,NSW,ILLAWARRA TC,KEMB,KEITH F NOLAN CLASSIC,1600,200000,3-Y-O,FÂ,SWP,KEITH F NOLAN CLASSIC
15-Mar-19,102,2,VIC,MVRC,M V,ALISTER CLARK STAKES,2040,200000,3-Y-O,O,SW,ALISTER CLARK STAKES
15-Mar-19,740,4,VIC,MVRC,M V,ABELL STAKES,1200,120000,O,O,Hcp,MOONEE VALLEY QUALITY
16-Mar-19,391,1,NSW,ATC,RHIL,COOLMORE CLASSIC,1500,600000,3YO&Up,F&M,Qlty,TAD KENNEDY STAKES
16-Mar-19,233,2,NSW,ATC,RHIL,AJAX STAKES,1500,175000,3YO&Up,O,Qlty,AJAX STAKES
16-Mar-19,401,2,NSW,ATC,RHIL,PHAR LAP STAKES,1500,175000,3-Y-O,O,SW,PHAR LAP STAKES
16-Mar-19,598,2,NSW,ATC,RHIL,SKY HIGH STAKES,2000,350000,3YO&Up,O,SWP,SKY HIGH STAKES
16-Mar-19,342,3,NSW,ATC,RHIL,MAGIC NIGHT STAKES,1200,175000,2-Y-O,F,SW,MAGIC NIGHT STAKES
16-Mar-19,396,3,NSW,ATC,RHIL,PAGO PAGO STAKES,1200,175000,2-Y-O,C&G,SW,PAGO PAGO STAKES
16-Mar-19,603,3,NSW,ATC,RHIL,MAURICE McCARTEN STAKES,1100,160000,3YO&Up,O,Qlty,MAURICE McCARTEN STAKES
16-Mar-19,640,4,QLD,GOLD COAST TC,GCST,GOLDMARKET HANDICAP,1300,100000,O,O,Qlty,GOLDMARKET HANDICAP
16-Mar-19,147,2,VIC,VRC,FLEM,BLAMEY STAKES,1600,200000,3YO&Up,O,SWP,BLAMEY STAKES
16-Mar-19,148,3,VIC,VRC,FLEM,THOROUGHBRED BREEDERS ST,1200,150000,2-Y-O,F,SWP,THOROUGHBRED BREEDERS ST.
16-Mar-19,329,4,VIC,VRC,FLEM,VRC MARCH STAKES,1400,120000,O,O,Hcp,VRC MARCH STAKES
16-Mar-19,149,4,WA,WATC,ASCT,J.C. ROBERTS STAKES,1800,100000,3-Y-O,C&G,SWP,J.C. ROBERTS STKS
16-Mar-19,667,4,WA,WATC,ASCT,NATASHA STAKES,2200,100000,3-Y-O,F,SWP,NATASHA STKS
22-Mar-19,736,4,NSW,ARC,ALB,ALBURY CUP,2000,170000,O,O,Qlty,ALBURY CUP
22-Mar-19,544,1,VIC,MVRC,M V,WILLIAM REID STAKES,1200,500000,O,O,WFA,WILLIAM REID STAKES
22-Mar-19,232,2,VIC,MVRC,M V,SUNLINE STAKES,1600,200000,3YO&Up,F&M,WFA,DIAMOND JUBILEE STAKES
22-Mar-19,263,4,VIC,MVRC,M V,ALEXANDRA STAKES,1600,120000,3-Y-O,F,SWP,ALEXANDRA STAKES
22-Mar-19,291,4,VIC,MVRC,M V,ST. ALBANS STAKES,1000,120000,2-Y-O,O,SW,ST. ALBANS STAKES
23-Mar-19,7,1,NSW,ATC,RHIL,GOLDEN SLIPPER STAKES,1200,3500000,2-Y-O,O,SW,GOLDEN SLIPPER STAKES
23-Mar-19,277,1,NSW,ATC,RHIL,GEORGE RYDER STAKES,1500,1000000,3YO&Up,O,WFA,GEORGE RYDER STAKES
23-Mar-19,272,1,NSW,ATC,RHIL,THE GALAXY,1100,700000,O,O,Hcp,THE GALAXY
23-Mar-19,423,1,NSW,ATC,RHIL,RANVET STAKES,2000,700000,3YO&Up,O,WFA,RAWSON STAKES
23-Mar-19,15,1,NSW,ATC,RHIL,ROSEHILL GUINEAS,2000,600000,3-Y-O,O,SW,ROSEHILL GUINEAS
23-Mar-19,143,3,NSW,ATC,RHIL,BIRTHDAY CARD STAKES,1200,160000,3YO&Up,F&M,Qlty,BIRTHDAY CARD STKS
23-Mar-19,344,3,NSW,ATC,RHIL,N E MANION QUALITY CUP,2400,160000,3YO&Up,O,Qlty,N E MANION CUP
23-Mar-19,660,3,NSW,ATC,RHIL,EPONA STAKES,1900,160000,3YO&Up,F&M,SWP,EPONA STAKES
23-Mar-19,224,4,NSW,ATC,RHIL,DARBY MUNRO STAKES,1200,140000,3-Y-O,O,SWP,DARBY MUNRO STKS
23-Mar-19,370,4,VIC,MORN RC,MORN,MORNINGTON CUP,2400,300000,O,O,Hcp,MORNINGTON CUP
23-Mar-19,111,4,VIC,MORN RC,MORN,HAREEBA STAKES,1200,120000,O,O,Hcp,HAREEBA STAKES
23-Mar-19,280,3,WA,WATC,ASCT,GIMCRACK STKS,1100,150000,2-Y-O,F,SWP,WATC GIMCRACK STKS
23-Mar-19,456,4,WA,WATC,ASCT,PERTH STKS,1100,150000,2-Y-O,C&G,SWP,PERTH STKS
23-Mar-19,566,4,WA,WATC,ASCT,GRANDSTAND CUP,1500,100000,3YO&Up,O,Qlty,GRANDSTAND CUP
24-Mar-19,967,4,WA,BUNBURY RC,BUNB,SOUTH WEST AUTUMN CUP,2200,100000,O,O,Qlty,SOUTH WEST AUTUMN CUP
30-Mar-19,3,1,NSW,ATC,RHIL,H E TANCRED STAKES,2400,1500000,3YO&Up,O,WFA,H E TANCRED STAKES
30-Mar-19,484,1,NSW,ATC,RHIL,VINERY STUD STAKES,2000,500000,3-Y-O,F,SW,STORM QUEEN STAKES
30-Mar-19,174,2,NSW,ATC,RHIL,TULLOCH STAKES,2000,175000,3-Y-O,C&G,SW,TULLOCH STAKES
30-Mar-19,248,2,NSW,ATC,RHIL,EMANCIPATION STAKES,1500,175000,3YO&Up,F&M,SWP,EMANCIPATION STAKES
30-Mar-19,126,3,NSW,ATC,RHIL,T L BAILLIEU HANDICAP,1400,160000,2-Y-O,O,Qlty,T L BAILLIEU HCP
30-Mar-19,439,3,NSW,ATC,RHIL,DONCASTER PRELUDE,1500,160000,3YO&Up,O,Qlty,ROYAL PARMA STAKES
30-Mar-19,481,3,NSW,ATC,RHIL,STAR KINGDOM STAKES,1200,160000,3YO&Up,O,Qlty,STAR KINGDOM STKS
30-Mar-19,572,3,NSW,ATC,RHIL,NEVILLE SELLWOOD STAKES,2000,160000,4YO&Up,O,SWP,NEVILLE SELLWOOD STAKES
30-Mar-19,250,4,SA,SAJC,MORP,MANIHI CLASSIC,1100,100000,O,O,Qlty,MANIHI CLASSIC
30-Mar-19,327,4,SA,SAJC,MORP,LAELIA STAKES,1600,100000,3-Y-O,F,SWP,LAELIA STAKES
30-Mar-19,778,4,VIC,BJC,BEND,BENDIGO GUINEAS,1400,150000,3-Y-O,O,SWP,BENDIGO GUINEAS
30-Mar-19,779,4,VIC,BJC,BEND,GOLDEN MILE,1600,150000,O,O,Hcp,GOLDEN MILE
30-Mar-19,529,3,WA,WATC,ASCT,W.A. OAKS,2400,250000,3-Y-O,F,SW,WA OAKS
30-Mar-19,352,4,WA,WATC,ASCT,MELVISTA STAKES,2200,100000,3-Y-O,C&G,SWP,MELVISTA STKS
06-Apr-19,13,1,NSW,ATC,RAND,DONCASTER HANDICAP,1600,3000000,3YO&Up,O,Hcp,DONCASTER HANDICAP
06-Apr-19,646,1,NSW,ATC,RAND,T J SMITH STAKES,1200,2500000,O,O,WFA,T J SMITH STAKES
06-Apr-19,5,1,NSW,ATC,RAND,ATC AUSTRALIAN DERBY,2400,2000000,3-Y-O,O,SW,ATC AUSTRALIAN DERBY
06-Apr-19,10,1,NSW,ATC,RAND,ATC SIRES PRODUCE STAKES,1400,1000000,2-Y-O,O,SW,ATC SIRES PRODUCE STAKES
06-Apr-19,182,2,NSW,ATC,RAND,CHAIRMAN'S HANDICAP,2600,300000,3YO&Up,O,Qlty,AJC CHAIRMANS HANDICAP
06-Apr-19,101,3,NSW,ATC,RAND,ADRIAN KNOX QLTY STAKES,2000,200000,3-Y-O,F,Qlty,ADRIAN KNOX STAKES
06-Apr-19,107,3,NSW,ATC,RAND,P J BELL STAKES,1200,200000,3-Y-O,F,SWP,P J BELL STAKES
06-Apr-19,167,3,NSW,ATC,RAND,CARBINE CLUB STAKES,1600,200000,3-Y-O,O,SWP,AJC CARBINE CLUB STAKES
06-Apr-19,571,3,NSW,ATC,RAND,KINDERGARTEN STAKES,1100,200000,2-Y-O,O,SW,KINDERGARTEN STAKES
06-Apr-19,538,4,QLD,TOO TC,TWBA,WEETWOOD HANDICAP,1200,150000,O,O,Qlty,WEETWOOD HANDICAP
06-Apr-19,729,4,VIC,MRC,CAUL,GALILEE SERIES FINAL,2400,150000,3-Y-O,O,SWP,GALILEE SERIES FINAL
06-Apr-19,320,2,WA,WATC,ASCT,KARRAKATTA PLATE,1200,500000,2-Y-O,O,SW,KARRAKATTA PLATE
06-Apr-19,554,4,WA,WATC,ASCT,OLD COMRADE STAKES,1600,100000,2YO&Up,O,Qlty,YORK HCP
07-Apr-19,402,4,WA,PINJARRA RC,PINJ,PINJARRA CUP,2300,120000,3YO&Up,O,Qlty,PINJARRA CUP
13-Apr-19,412,1,NSW,ATC,RAND,QUEEN ELIZABETH STAKES,2000,4000000,3YO&Up,O,WFA,AJC QUEEN ELIZABETH STAKES
13-Apr-19,8,1,NSW,ATC,RAND,SYDNEY CUP,3200,2000000,3YO&Up,O,Hcp,SYDNEY CUP
13-Apr-19,20,1,NSW,ATC,RAND,ATC OAKS,2400,1000000,3-Y-O,F,SW,ATC AUSTRALIAN OAKS
13-Apr-19,415,1,NSW,ATC,RAND,QUEEN OF THE TURF STAKES,1600,1000000,3YO&Up,F&M,WFA,QUEEN OF THE TURF STAKES
13-Apr-19,321,2,NSW,ATC,RAND,PERCY SYKES STAKES,1200,1000000,2-Y-O,F,SWP,KEITH MACKAY HANDICAP
13-Apr-19,441,2,NSW,ATC,RAND,ARROWFIELD 3YO SPRINT,1200,1000000,3-Y-O,O,SW,ROYAL SOVEREIGN STAKES
13-Apr-19,650,2,NSW,ATC,RAND,SAPPHIRE STAKES,1200,300000,3YO&Up,F&M,SWP,SAPPHIRE STAKES
13-Apr-19,259,4,NSW,ATC,RAND,FERNHILL HANDICAP,1600,150000,2-Y-O,O,Qlty,FERNHILL HANDICAP
13-Apr-19,659,4,NSW,ATC,RAND,SOUTH PACIFIC CLASSIC,1400,150000,3-Y-O,O,Qlty,SOUTH PACIFIC CLASSIC
13-Apr-19,119,3,SA,SAJC,MORP,SCHWEPPERVESCENCE STAKES,1800,120000,3-Y-O,F,SWP,AURARIA STAKES
13-Apr-19,314,3,SA,SAJC,MORP,R N IRWIN STAKES,1100,120000,O,O,WFA,R N IRWIN STAKES
13-Apr-19,230,4,SA,SAJC,MORP,DEQUETTEVILLE STAKES,1050,100000,2-Y-O,F,SW,DEQUETTEVILLE STAKES
13-Apr-19,404,4,SA,SAJC,MORP,PORT ADELAIDE GUINEAS,1800,100000,3-Y-O,O,SW,PORT ADELAIDE GUINEAS
13-Apr-19,631,4,SA,SAJC,MORP,REDELVA STAKES,1100,100000,3-Y-O,O,SWP,REDELVA STAKES
13-Apr-19,697,4,VIC,MRC,CAUL,ANNIVERSARY VASE,1400,120000,O,O,Hcp,ANNIVERSARY VASE
13-Apr-19,938,4,VIC,MRC,CAUL,BEL ESPRIT STAKESÂ,1200,120000,O,O,Hcp,BEL ESPRIT STAKES
13-Apr-19,45,2,WA,WATC,ASCT,W.A.T.C. DERBY,2400,400000,3-Y-O,O,SW,W.A.T.C. DERBY
13-Apr-19,420,4,WA,WATC,ASCT,RACONTEUR STAKES,1500,100000,3-Y-O,O,SWP,RACONTEUR STKS
20-Apr-19,467,3,WA,WATC,ASCT,W.A. SIRES' PRODUCE STAKES,1400,200000,2-Y-O,O,SW,WATC SIRES PRODUCE
20-Apr-19,702,4,WA,WATC,ASCT,SHEILA GWYNNE STAKES,1400,100000,3YO&Up,F&M,SWP,MATCHMAKER CLASSIC
20-Apr-19,104,1,NSW,ATC,RAND,ALL AGED STAKES,1400,600000,O,O,WFA,ALL AGED STAKES
20-Apr-19,24,1,NSW,ATC,RAND,CHAMPAGNE STAKES,1600,500000,2-Y-O,O,SW,CHAMPAGNE STAKES
20-Apr-19,173,3,NSW,ATC,RAND,JAMES H B CARR STAKES,1400,160000,3-Y-O,F,SWP,J H B CARR STAKES
20-Apr-19,266,3,NSW,ATC,RAND,FRANK PACKER PLATE,2000,160000,3-Y-O,O,SW,FRANK PACKER PLATE
20-Apr-19,295,3,NSW,ATC,RAND,HALL MARK STAKES,1200,160000,3YO&Up,O,SWP,HALL MARK STAKES
20-Apr-19,643,3,NSW,ATC,RAND,JAPAN RACING ASSOC PLATE,2000,160000,3YO&Up,O,Qlty,JAPAN RACING ASSCTIAN PLT
20-Apr-19,115,4,QLD,BRC,E FM,ASCOT HANDICAP,1200,100000,3YO&Up,O,Qlty,ASCOT HANDICAP
20-Apr-19,238,4,QLD,BRC,E FM,TAILS QUALITY,2200,100000,3YO&Up,O,Qlty,TAILS QUALITY
20-Apr-19,711,4,QLD,BRC,E FM,PRINCESS STAKES,1600,100000,3-Y-O,F,SW,PRINCESS STAKES
20-Apr-19,746,4,QLD,BRC,E FM,MICK DITTMAN PLATE,1200,100000,3-Y-O,O,Qlty,MICK DITTMAN PLATE
20-Apr-19,470,4,SA,OAKBANK RC,OAKB,OAKBANK STAKES,1100,100000,O,O,Qty,HILLS RAILWAY STAKES
20-Apr-19,240,3,VIC,MRC,CAUL,EASTER CUP,2000,150000,O,O,Hcp,VATC EASTER CUP
20-Apr-19,526,3,VIC,MRC,CAUL,VICTORIA HANDICAP,1400,150000,O,O,Hcp,VICTORIA HANDICAP
25-Apr-19,22,4,VIC,VRC,FLEM,VRC ST LEGER,2800,200000,3-Y-O,O,SW,VRC ST LEGER
25-Apr-19,471,4,VIC,VRC,FLEM,ANZAC DAY STAKES,1400,120000,2-Y-O,O,Hcp,ANZAC DAY HANDICAP
27-Apr-19,297,3,NSW,HAWKESBURY RC,HAWK,HAWKESBURY GOLD CUP,1600,200000,3YO&Up,O,Hcp,HAWKESBURY GOLD CUP
27-Apr-19,655,3,NSW,HAWKESBURY RC,HAWK,HAWKESBURY GUINEAS,1400,200000,3-Y-O,O,SWP,HAWKESBURY GUINEAS
27-Apr-19,717,3,NSW,HAWKESBURY RC,HAWK,DARLEY CROWN,1300,160000,O,F&M,SWP,HAWKESBURY CROWN
27-Apr-19,970,4,NSW,HAWKESBURY RC,HAWK,HAWKESBURY GOLD RUSH,1100,140000,O,O,Qlty,HAWKESBURY GOLD RUSH
27-Apr-19,463,2,QLD,BRC,E FM,VICTORY STAKES,1200,200000,3YO&Up,O,WFA,VICTORY STAKES
27-Apr-19,575,3,QLD,BRC,E FM,GUNSYND CLASSIC,1600,125000,3-Y-O,O,SW,GUNSYND CLASSIC
27-Apr-19,719,4,QLD,BRC,E FM,DALRELLO STAKES,1200,100000,2-Y-O,O,SW,DALRELLO STAKES
27-Apr-19,184,3,SA,SAJC,MORP,CHAIRMAN'S STAKES,2000,120000,3-Y-O,O,SW,SAJC CHAIRMAN'S STAKES
27-Apr-19,540,3,SA,SAJC,MORP,BREEDERS' STAKES,1200,120000,2-Y-O,O,SW,BREEDERS STAKES
27-Apr-19,383,4,SA,SAJC,MORPP,H C NITSCHKE STAKES,1400,100000,3-Y-O,O,SWP,H C NITSCHKE STAKES
27-Apr-19,430,4,SA,SAJC,MORPP,CITY OF ADELAIDE HANDICAP,1400,100000,O,O,Qlty,CITY OF ADELAIDE HCP
27-Apr-19,714,4,VIC,MRC,CAUL,REDOUTES CHOICE STAKES,1200,120000,2-Y-O,O,Hcp,REDOUTES CHOICE STAKES
01-May-19,723,4,VIC,WRC,WARN,WANGOOM HCP,1200,150000,O,O,Hcp,WANGOOM HCP
02-May-19,715,4,VIC,WRC,WARN,WARRNAMBOOL CUP,2350,200000,O,O,Hcp,WARRNAMBOOL CUP
03-May-19,530,4,NSW,MURRUMBIDGEE TC,WAGG,WAGGA WAGGA GOLD CUP,2000,150000,O,O,Hcp,WAGGA WAGGA GOLD CUP
04-May-19,392,4,NSW,ATC,RHIL,LORD MAYOR'S CUP,2000,140000,3YO&Up,O,Qlty,LORD MAYOR'S CUP
04-May-19,589,2,QLD,GOLD COAST TC,GCST,A D HOLLINDALE STAKES,1800,358000,3YO&Up,O,WFA,A D HOLLINDALE STAKES
04-May-19,436,3,QLD,GOLD COAST TC,GCST,KEN RUSSELL MEMORIAL CL,1350,125000,O,O,WFA,KEN RUSSELL MEMORIAL CL
04-May-19,687,3,QLD,GOLD COAST TC,GCST,GOLD COAST GUINEAS,1200,125000,3-Y-O,O,SW,GOLD COAST GUINEAS
04-May-19,616,4,QLD,GOLD COAST TC,GCST,SILK STOCKING,1400,150000,O,F&M,Qlty,SILK STOCKING
04-May-19,688,4,QLD,GOLD COAST TC,GCST,THE BRACELET,1200,125000,3-Y-O,F,SW,THE BRACELET
04-May-19,615,4,QLD,GOLD COAST TC,GCST,PRIME MINISTER'S CUP,1600,100000,O,O,Qlty,PRIME MINISTER'S CUP
04-May-19,495,1,SA,SAJC,MORP,UBET CLASSIC,1200,1000000,O,F&M,WFA,ROBERT SANGSTER STAKES
04-May-19,121,1,SA,SAJC,MORP,SCHWEPPES OAKS,2000,500000,3-Y-O,F,SW,AUSTRALASIAN OAKS
04-May-19,292,2,SA,SAJC,MORP,EUCLASE STAKES,1200,250000,3-Y-O,O,SW,EUCLASE CLASSIC
04-May-19,414,2,SA,SAJC,MORP,QUEEN OF THE SOUTH STAKES,1600,175000,3YO&Up,F&M,SWP,QUEEN OF THE SOUTH STAKES
04-May-19,350,3,SA,SAJC,MORP,DC MCKAY STAKES,1100,120000,O,O,Qlty,D C MCKAY STAKES
04-May-19,411,4,SA,SAJC,MORP,QUEEN ADELAIDE STAKES,1050,100000,2-Y-O,O,SW,QUEEN ADELAIDE STAKES
05-May-19,748,3,WA,NORTHAM RC,NTHM,NORTHAM STAKES,1100,150000,3YO&Up,O,SWP,NORTHAM STAKES
10-May-19,676,4,NSW,SCONE RC,SCNE,SCONE CUP,1600,200000,O,O,Qlty,SCONE CUP
11-May-19,652,3,NSW,SCONE RC,SCNE,DARK JEWEL CLASSIC,1400,200000,O,F&M,Qlty,DARK JEWEL CLASSIC
11-May-19,738,4,NSW,SCONE RC,SCNE,ORTENSIA STAKES,1100,140000,O,O,Qlty,ORTENSIA STAKES
11-May-19,764,4,NSW,SCONE RC,SCNE,LUSKIN STAR STAKES,1300,140000,O,O,Qlty,LUSKIN STAR STAKES
11-May-19,765,4,NSW,SCONE RC,SCNE,WOODLANDS STAKES,1100,140000,2-Y-O,F,Qlty,WOODLANDS STAKES
11-May-19,766,4,NSW,SCONE RC,SCNE,DENISE'S JOY STAKES,1100,140000,3-Y-O,F,Qlty,DENISE'S JOY STAKES
11-May-19,946,RL,NSW,SCONE RC,SCNE,INGLIS GUINEAS,1400,250000,3-Y-O,O,SW,INGLIS GUINEAS
11-May-19,38,1,QLD,BRC,DOOM,"DOOMBEN 10,000",1200,700000,O,O,WFA,"DOOMBEN 10,000"
11-May-19,206,2,QLD,BRC,DOOM,CHAMPAGNE CLASSIC,1200,175000,2-Y-O,O,SW,CHAMPAGNE CLASSIC
11-May-19,183,3,QLD,BRC,DOOM,CHAIRMAN'S HANDICAP,2000,125000,3YO&Up,O,Qlty,CHAIRMAN'S HANDICAP
11-May-19,624,3,QLD,BRC,DOOM,ROUGH HABIT PLATE,1200,125000,3YO&Up,F&M,Qlty,ROUGH HABIT PLATE
11-May-19,622,4,QLD,BRC,DOOM,MEMBERS' HANDICAP,1600,100000,O,O,Qlty,MEMBERS' HANDICAP
11-May-19,707,4,QLD,BRC,DOOM,QUEENSLAND DAY STAKES,1200,100000,3-Y-O,O,SW,QUEENSLAND DAY STAKES
11-May-19,26,1,SA,SAJC,MORP,SA DERBY,2500,600000,3-Y-O,O,SW,SA DERBY
11-May-19,466,3,SA,SAJC,MORPP,SIRES PRODUCE STAKES,1400,175000,2-Y-O,O,SW,SAJC SIRES' PRODUCE STAKES
11-May-19,100,4,SA,SAJC,MORP,ADELAIDE GUINEAS,1600,150000,3-Y-O,O,SW,ADELAIDE GUINEAS
18-May-19,27,1,SA,SAJC,MORP,THE GOODWOOD,1200,1000000,O,O,SWP,SAJC GOODWOOD
18-May-19,200,3,SA,SAJC,MORP,R A LEE STAKES,1600,250000,O,O,SWP,R A LEE STAKES
18-May-19,379,3,SA,SAJC,MORP,NATIONAL STAKES,1200,200000,2-Y-O,O,SWP,NATIONAL STAKES
18-May-19,443,3,SA,SAJC,MORP,SA FILLIES CLASSIC,2500,175000,3-Y-O,F,SW,SA FILLIES CLASSIC
18-May-19,703,3,SA,SAJC,MORP,PROUD MISS STAKES,1200,175000,3YO&Up,F&M,SWP,PROUD MISS STAKES
18-May-19,30,4,SA,SAJC,MORP,PORT ADELAIDE CUP,2500,150000,O,O,Qlty,PORT ADELAIDE CUP
18-May-19,632,4,SA,SAJC,MORP,CENTAUREA STAKES,2000,125000,O,F&M,SWP,CENTAUREA STAKES
18-May-19,237,4,VIC,VRC,FLEM,ANDREW RAMSDEN STAKES,3200,200000,O,O,Hcp,ANDREW RAMSDEN STAKES
18-May-19,485,4,VIC,VRC,FLEM,THE STRAIGHT SIX,1200,120000,O,O,Hcp,THE STRAIGHT SIX
18-May-19,432,3,WA,WATC,ASCT,ROMA CUP,1200,150000,2YO&Up,O,WFA,ROMA CUP
18-May-19,39,1,QLD,BRC,DOOM,DOOMBEN CUP,2000,650000,3YO&Up,O,WFA,DOOMBEN CUP
18-May-19,657,2,QLD,BRC,DOOM,THE ROSES,2000,175000,3-Y-O,F,SW,THE ROSES
18-May-19,132,3,QLD,BRC,DOOM,BRC SPRINT,1350,125000,O,O,Qlty,BRC SPRINT
18-May-19,339,4,QLD,BRC,DOOM,BILL CARTER STAKES,1200,100000,2-Y-O,F,SW,BILL CARTER STAKES
18-May-19,683,4,QLD,BRC,DOOM,BRIGHT SHADOW QUALITY,1200,100000,3YO&Up,F&M,Qlty,BRIGHT SHADOW QUALITY
18-May-19,684,4,QLD,BRC,DOOM,CHIEF DE BEERS QUALITY,1110,100000,O,O,Qlty,CHIEF DE BEERS QUALITY
25-May-19,351,4,NSW,ATC,RAND,W J MCKELL CUP,2400,140000,3YO&Up,O,Qlty,W J MCKELL CUP
25-May-19,514,1,QLD,BRC,E FM,KINGSFORD-SMITH CUP,1300,700000,O,O,Qlty,BTC CUP
25-May-19,37,2,QLD,BRC,E FM,BRC SIRES' PRODUCE,1400,250000,2-Y-O,O,SW,BRC SIRES' PRODUCE
25-May-19,212,3,QLD,BRC,E FM,FRED BEST CLASSIC,1400,150000,3-Y-O,O,SW,FRED BEST CLASSIC
25-May-19,435,3,QLD,BRC,E FM,GLENLOGAN PARK STAKES,1300,150000,O,F&M,SWP,GLENLOGAN PARK STAKES
25-May-19,288,3,QLD,BRC,E FM,GRAND PRIX STAKES,2200,150000,3-Y-O,O,SW,GRAND PRIX STAKES
25-May-19,171,3,QLD,BRC,E FM,LORD MAYOR'S CUP,1600,125000,O,O,Qlty,LORD MAYOR'S CUP
25-May-19,408,3,QLD,BRC,E FM,PREMIER'S CUP,2200,125000,O,O,Qlty,PREMIER'S CUP
01-Jun-19,35,1,QLD,BRC,E FM,QUEENSLAND OAKS,2400,500000,O,O,Qlty,QUEENSLAND OAKS
01-Jun-19,385,2,QLD,BRC,E FM,P J O'SHEA STAKES,2200,200000,O,O,WFA,P J O'SHEA STAKES
01-Jun-19,110,2,QLD,BRC,E FM,MORETON CUP,1300,175000,O,O,Qlty,MORETON CUP
01-Jun-19,419,4,QLD,BRC,E FM,THE PHOENIX,1600,100000,2-Y-O,O,SW,THE PHOENIX
01-Jun-19,483,4,QLD,BRC,E FM,LIGHTNING HANDICAP,1000,100000,O,O,Qlty,LIGHTNING HANDICAP
01-Jun-19,578,4,QLD,BRC,E FM,SPEAR CHIEF HANDICAP,1500,100000,O,O,Hcp,SPEAR CHIEF HANDICAP
01-Jun-19,602,4,QLD,BRC,E FM,OXLADE STAKES,1200,100000,2-Y-O,O,SW,OXLADE STAKES
01-Jun-19,685,4,QLD,BRC,E FM,HELEN COUGHLIN STAKES,1200,100000,3YO&Up,F&M,Qlty,HELEN COUGHLIN STAKES
01-Jun-19,140,3,WA,WATC,BLMT,BELMONT SPRINT,1400,150000,2YO&Up,O,WFA,BELMONT SPRINT
08-Jun-19,318,4,NSW,ATC,RAND,JUNE STAKES,1100,150000,O,O,Qlty,JUNE STAKES
08-Jun-19,34,1,QLD,BRC,E FM,STRADBROKE HANDICAP,1400,1500000,O,O,Qlty,STRADBROKE HANDICAP
08-Jun-19,33,1,QLD,BRC,E FM,QUEENSLAND DERBY,2400,600000,3-Y-O,O,SW,QUEENSLAND DERBY
08-Jun-19,177,1,QLD,BRC,E FM,J.J. ATKINS,1600,600000,2-Y-O,O,SW,J.J. ATKINS
08-Jun-19,32,2,QLD,BRC,E FM,QUEENSLAND GUINEAS,1600,350000,3-Y-O,O,SW,QUEENSLAND GUINEAS
08-Jun-19,36,2,QLD,BRC,E FM,BRISBANE CUP,2400,300000,3YO&Up,O,QLTY,BRISBANE CUP
08-Jun-19,669,2,QLD,BRC,E FM,DANE RIPPER STAKES,1400,200000,O,F&M,SWP,DANE RIPPER STAKES
08-Jun-19,689,4,QLD,BRC,E FM,DAYBREAK LOVER,1200,125000,3-Y-O,O,SWP,DAYBREAK LOVER
08-Jun-19,246,4,QLD,BRC,E FM,HINKLER HANDICAP,1200,100000,3YO&Up,O,Qlty,HINKLER HANDICAP
08-Jun-19,410,4,QLD,BRC,E FM,THE WAYNE WILSON,1600,100000,3YO&Up,O,SWP,THE WAYNE WILSON
08-Jun-19,577,4,WA,WATC,BLMT,BEAUFINE STAKES,1000,100000,2YO&Up,O,Qlty,BEAUFINE STKS
15-Jun-19,255,4,QLD,IPSWICH TC,IPSW,EYE LINER STAKES,1350,175000,O,O,Qlty,EYE LINER STAKES
15-Jun-19,313,4,QLD,IPSWICH TC,IPSW,IPSWICH CUP,2150,175000,O,O,Qlty,IPSWICH CUP
15-Jun-19,690,4,QLD,IPSWICH TC,IPSW,GAI WATERHOUSE CLASSIC,1350,100000,O,F&M,Qlty,GAI WATERHOUSE CLASSIC
15-Jun-19,312,3,WA,WATC,BLMT,HYPERION STAKES,1600,150000,3YO&Up,O,WFA,HYPERION STKS
22-Jun-19,601,1,QLD,TATTS RC QLD,E FM,TATTERSALL'S TIARA,1400,500000,O,F&M,WFA,TATTERSALL'S TIARA
22-Jun-19,176,3,QLD,TATTS RC QLD,E FM,TATTERSALL'S CUP,2200,200000,O,O,Qlty,TATTERSALL'S CUP
22-Jun-19,299,3,QLD,TATTS RC QLD,E FM,W J HEALY STAKES,1200,175000,O,O,Qlty,W J HEALY STAKES
22-Jun-19,658,4,QLD,TATTS RC QLD,E FM,MERCEDES - BENZ STAKES,1400,100000,2-Y-O,O,SW,MERCEDES -Â BENZ STAKES
22-Jun-19,691,4,QLD,TATTS RC QLD,E FM,TATTERSALL'S RACING CLUB OPEN,1600,100000,O,O,Qlty,TATTERSALL'S RACING CLUB OPEN
22-Jun-19,136,4,WA,WATC,BLMT,BELMONT GUINEAS,1600,100000,3-Y-O,O,SW,BELMONT GUINEAS
22-Jun-19,151,4,WA,WATC,BLMT,H.G. BOLTON SPRINT,1200,100000,2YO&Up,O,Qlty,H.G. BOLTON SPRINT
29-Jun-19,204,4,NSW,ATC,RHIL,CIVIC STAKES,1350,150000,3YO&Up,O,Qlty,CIVIC STAKES
29-Jun-19,546,4,NSW,ATC,RHIL,WINTER CUP,2400,140000,3YO&Up,O,Qlty,STC WINTER CUP
29-Jun-19,708,3,QLD,SUN COAST TC,SCTC,SUNSHINE COAST GUINEAS,1600,125000,3-Y-O,O,SW,SUNSHINE COAST GUINEAS
29-Jun-19,600,4,QLD,SUN COAST TC,SCTC,CALOUNDRA CITY CUP,2400,175000,O,O,Qlty,CALOUNDRA CITY CUP
29-Jun-19,625,4,QLD,SUN COAST TC,SCTC,GLASSHOUSE HANDICAP,1300,175000,O,O,Qlty,GLASSHOUSE HANDICAP
29-Jun-19,486,3,WA,WATC,BLMT,STRICKLAND STAKES,2000,150000,3YO&Up,O,WFA,STRICKLAND STKS
06-Jul-19,429,4,VIC,VRC,FLEM,VRC WINTER CHAMPIONSHIP,1600,150000,3YO&Up,O,Hcp,VRC WINTER CHAMPIONSHIP
06-Jul-19,744,4,VIC,VRC,FLEM,ALL VICTORIAN SPRINT FINAL,1200,150000,3YO&Up,O,Hcp,ALL VICTORIAN SPRINT FINAL
06-Jul-19,274,4,VIC,VRC,FLEM,A.R. CRESWICK STAKES,1200,120000,3-Y-O,O,SWP,A.R. CRESWICK STAKES
06-Jul-19,278,4,VIC,VRC,FLEM,TAJ ROSSI SERIES FINAL,1600,120000,2-Y-O,O,Hcp,GIBSON CARMICHAEL STAKES
06-Jul-19,113,4,WA,WATC,BLMT,AQUANITA STAKES,2000,100000,3-Y-O,C&G,SW,AQUANITA STKS
06-Jul-19,138,4,WA,WATC,BLMT,BELMONT OAKS,2000,100000,3-Y-O,F,SW,BELMONT OAKS
10-Jul-19,422,4,NSW,CLARENCE RIV JC,GRAF,RAMORNIE HANDICAP,1200,140000,O,O,Qlty,RAMORNIE HANDICAP
11-Jul-19,287,4,NSW,CLARENCE RIV JC,GRAF,GRAFTON CUP,2350,150000,O,O,Qlty,GRAFTON CUP
13-Jul-19,548,4,NSW,ATC,RHIL,WINTER STAKES,1400,140000,3YO&Up,O,Qlty,WINTER HANDICAP
13-Jul-19,418,4,QLD,SUN COAST TC,SCTC,QUEENSLAND CUP,3200,150000,O,O,Qlty,QUEENSLAND CUP
13-Jul-19,367,3,VIC,MRC,CAUL,SIR JOHN MONASH STAKES,1100,150000,O,O,WFA,SIR JOHN MONASH STAKES
20-Jul-19,551,4,QLD,TATTS RC QLD,DOOM,TATTERSALL'S MILE,1600,100000,O,O,Qlty,TATTERSALL'S MILE
20-Jul-19,386,4,SA,SAJC,MORP,OAKLANDS PLATE,1400,100000,2-Y-O,O,SWP,OAKLANDS PLATE
20-Jul-19,634,4,WA,WATC,BLMT,BELMONT CLASSIC,2200,"$100,000",3YO,,SW,BELMONT CLASSIC
27-Jul-19,737,4,NSW,ATC,RHIL,WINTER CHALLENGE,1500,150000,3YO&Up,O,Qlty,WINTER CHALLENGE
27-Jul-19,331,4,SA,SAJC,MORP,LIGHTNING STAKES,1050,100000,2&3-Y-O,O,SW,SAJC LIGHTNING STAKES
27-Jul-19,636,3,VIC,MRC,CAUL,BLETCHINGLY STAKES,1200,150000,O,O,WFA,BLETCHINGLY STAKES
